ean,descricao,marca,conteudo,origem,autorizacao,enviado_por,imagem
7894900027013,REFRIG.COCA COLA 2LT,,2 L,a confirmar,,Rede Valente,imagens/7894900/7894900027013.webp
7896045505340,CERVEJA AMSTEL LT 473ML P.MALTE,,473 ml,a confirmar,,Rede Valente,imagens/7896045/7896045505340.webp
7896581300034,HAMBURGUER PIF PAF CX 672GR BOVINO,Pif Paf,672 g,industria,"Pif Paf, portal PackShelf para clientes",Rede Valente,imagens/7896581/7896581300034.webp
7896581300188,ASA DE FRANGO PIF PAF BJ 1KG,Pif Paf,1 kg,industria,"Pif Paf, portal PackShelf para clientes",Rede Valente,imagens/7896581/7896581300188.webp
7896581300218,CORACAO FRANGO PIF PAF BJ 1KG,Pif Paf,1 kg,industria,"Pif Paf, portal PackShelf para clientes",Rede Valente,imagens/7896581/7896581300218.webp
7896581301154,HAMBURGUER PIF PAF CX 672GR FRANGO,Pif Paf,672 g,industria,"Pif Paf, portal PackShelf para clientes",Rede Valente,imagens/7896581/7896581301154.webp
7896581302380,COXINHA ASA PIF PAF BJ.1KG,Pif Paf,1 kg,industria,"Pif Paf, portal PackShelf para clientes",Rede Valente,imagens/7896581/7896581302380.webp
7896581302786,LING.PIF PAF MINEIRA PORCO 800G,Pif Paf,800 g,industria,"Pif Paf, portal PackShelf para clientes",Rede Valente,imagens/7896581/7896581302786.webp
7896581302847,PIZZA PIF PAF 460GR CALABRESA,Pif Paf,460 g,industria,"Pif Paf, portal PackShelf para clientes",Rede Valente,imagens/7896581/7896581302847.webp
7896581302854,PIZZA PIF PAF 460GR FRANGO C.REQUEI,Pif Paf,460 g,industria,"Pif Paf, portal PackShelf para clientes",Rede Valente,imagens/7896581/7896581302854.webp
7896581302984,PIZZA PIF PAF 460GR MUSSARELA,Pif Paf,460 g,industria,"Pif Paf, portal PackShelf para clientes",Rede Valente,imagens/7896581/7896581302984.webp
7896581304490,PD.FILE PEITO FRANGO DESFIADO KG.,,,industria,"Pif Paf, portal PackShelf para clientes",Rede Valente,imagens/7896581/7896581304490.webp
7896581304575,MANDIOKITA PIF PAF TRAD.300GR,Pif Paf,300 g,industria,"Pif Paf, portal PackShelf para clientes",Rede Valente,imagens/7896581/7896581304575.webp
7896581304582,HAMBURGUER PIF PAF SC 56GR BOVINO,Pif Paf,56 g,industria,"Pif Paf, portal PackShelf para clientes",Rede Valente,imagens/7896581/7896581304582.webp
7896581304599,HAMBURGUER PIF PAF SC 56GR FRANGO,Pif Paf,56 g,industria,"Pif Paf, portal PackShelf para clientes",Rede Valente,imagens/7896581/7896581304599.webp
7896581307255,PAO DE QUEIJO PIF PAF 1KG COQUETEL,Pif Paf,1 kg,industria,"Pif Paf, portal PackShelf para clientes",Rede Valente,imagens/7896581/7896581307255.webp
7896581307583,ERVILHA PIF PAF CONG.300GR,Pif Paf,300 g,industria,"Pif Paf, portal PackShelf para clientes",Rede Valente,imagens/7896581/7896581307583.webp
7896581307712,LASANHA PIF PAF 600GR BOLONHESA,Pif Paf,600 g,industria,"Pif Paf, portal PackShelf para clientes",Rede Valente,imagens/7896581/7896581307712.webp
7896581307729,LASANHA PIF PAF 600GR CALABRESA,Pif Paf,600 g,industria,"Pif Paf, portal PackShelf para clientes",Rede Valente,imagens/7896581/7896581307729.webp
7896581307736,LASANHA PIF PAF 600GR FRANGO,Pif Paf,600 g,industria,"Pif Paf, portal PackShelf para clientes",Rede Valente,imagens/7896581/7896581307736.webp
7896581308405,LASANHA PIF PAF 600GR 4 QUEIJOS,Pif Paf,600 g,industria,"Pif Paf, portal PackShelf para clientes",Rede Valente,imagens/7896581/7896581308405.webp
7896581339096,BATATA CONG.PIF PAF 2KG PALITO,Pif Paf,2 kg,industria,"Pif Paf, portal PackShelf para clientes",Rede Valente,imagens/7896581/7896581339096.webp
7896581339959,ESCONDIDINHO PIF PAF 350GR CAR.SECA,Pif Paf,350 g,industria,"Pif Paf, portal PackShelf para clientes",Rede Valente,imagens/7896581/7896581339959.webp
7896581346858,BACALHAU PIF PAF POSTA SAITHE 800GR,Pif Paf,800 g,industria,"Pif Paf, portal PackShelf para clientes",Rede Valente,imagens/7896581/7896581346858.webp
7896581347404,ESCONDIDINHO PIF PAF 350GR FRANGO,Pif Paf,350 g,industria,"Pif Paf, portal PackShelf para clientes",Rede Valente,imagens/7896581/7896581347404.webp
7896581348869,ESCONDIDINHO PIF PAF 350GR CAR.MOID,Pif Paf,350 g,industria,"Pif Paf, portal PackShelf para clientes",Rede Valente,imagens/7896581/7896581348869.webp
7896581348982,FILEZINHO PEITO PIF PAF IQF 700GR,Pif Paf,700 g,industria,"Pif Paf, portal PackShelf para clientes",Rede Valente,imagens/7896581/7896581348982.webp
7896581349361,TIRINHA PIF PAF FRANGO 1.5KG,Pif Paf,"1,5 kg",industria,"Pif Paf, portal PackShelf para clientes",Rede Valente,imagens/7896581/7896581349361.webp
7896581350299,STEAK FRANGO PIF PAF 100GR,Pif Paf,100 g,industria,"Pif Paf, portal PackShelf para clientes",Rede Valente,imagens/7896581/7896581350299.webp
7896581350619,TIRINHA PIF PAF FRANGO 300GR,Pif Paf,300 g,industria,"Pif Paf, portal PackShelf para clientes",Rede Valente,imagens/7896581/7896581350619.webp
7896581350626,EMPANADO PIF PAF 300GR PAFITOS,Pif Paf,300 g,industria,"Pif Paf, portal PackShelf para clientes",Rede Valente,imagens/7896581/7896581350626.webp
7896581351135,LING.PIF PAF PERNIL PC 1KG,Pif Paf,1 kg,industria,"Pif Paf, portal PackShelf para clientes",Rede Valente,imagens/7896581/7896581351135.webp
7896581351142,PIZZA PIF PAF 460GR PRESUNTO,Pif Paf,460 g,industria,"Pif Paf, portal PackShelf para clientes",Rede Valente,imagens/7896581/7896581351142.webp
7896581351906,PAO DE QUEIJO PIF PAF 400GR COQUETE,Pif Paf,400 g,industria,"Pif Paf, portal PackShelf para clientes",Rede Valente,imagens/7896581/7896581351906.webp
7896581352026,PAO DE QUEIJO PIF PAF 1KG LANCHE,Pif Paf,1 kg,industria,"Pif Paf, portal PackShelf para clientes",Rede Valente,imagens/7896581/7896581352026.webp
7896581352040,LING.PIF PAF FRANGO 1KG,Pif Paf,1 kg,industria,"Pif Paf, portal PackShelf para clientes",Rede Valente,imagens/7896581/7896581352040.webp
7896581352057,LING.PIF PAF CARNE SUINA 1KG,Pif Paf,1 kg,industria,"Pif Paf, portal PackShelf para clientes",Rede Valente,imagens/7896581/7896581352057.webp
7896581352071,LING.PIF PAF LOMBO 800GR,Pif Paf,800 g,industria,"Pif Paf, portal PackShelf para clientes",Rede Valente,imagens/7896581/7896581352071.webp
7896581352101,MORTADELA PIF PAF 400GR TRADICAO,Pif Paf,400 g,industria,"Pif Paf, portal PackShelf para clientes",Rede Valente,imagens/7896581/7896581352101.webp
7896581352118,BATATA CONG.PIF PAF 400GR PALITO,Pif Paf,400 g,industria,"Pif Paf, portal PackShelf para clientes",Rede Valente,imagens/7896581/7896581352118.webp
7896581352538,FILE DE PEITO PIF PAF BJ 1KG,Pif Paf,1 kg,industria,"Pif Paf, portal PackShelf para clientes",Rede Valente,imagens/7896581/7896581352538.webp
7896581352545,SOBRECOXA PIF PAF BD 1KG,Pif Paf,1 kg,industria,"Pif Paf, portal PackShelf para clientes",Rede Valente,imagens/7896581/7896581352545.webp
7896581352552,FILE COXA SOBRECOXA PIF PAF BJ 1KG,Pif Paf,1 kg,industria,"Pif Paf, portal PackShelf para clientes",Rede Valente,imagens/7896581/7896581352552.webp
7896581352576,COXA DE FRANGO PIF PAF BJ 1KG,Pif Paf,1 kg,industria,"Pif Paf, portal PackShelf para clientes",Rede Valente,imagens/7896581/7896581352576.webp
7896581352873,CARNE SUINA-COSTELA P.PAF 800G,,800 g,industria,"Pif Paf, portal PackShelf para clientes",Rede Valente,imagens/7896581/7896581352873.webp
7896581352989,POLENTA PALI.PIF PAF 400GR TRAD.,Pif Paf,400 g,industria,"Pif Paf, portal PackShelf para clientes",Rede Valente,imagens/7896581/7896581352989.webp
7896581353009,POLENTA PALI.PIF PAF 1KG TRAD.,Pif Paf,1 kg,industria,"Pif Paf, portal PackShelf para clientes",Rede Valente,imagens/7896581/7896581353009.webp
7896581353399,PAO DE QUEIJO PIF PAF 400GR RED.SOD,Pif Paf,400 g,industria,"Pif Paf, portal PackShelf para clientes",Rede Valente,imagens/7896581/7896581353399.webp
7896581353467,CARNE SUINA-COSTELA P.PAF LIM. 800G,,800 g,industria,"Pif Paf, portal PackShelf para clientes",Rede Valente,imagens/7896581/7896581353467.webp
7896581353504,CARNE BOVINA PIF PAF 500GR MOIDA,Pif Paf,500 g,industria,"Pif Paf, portal PackShelf para clientes",Rede Valente,imagens/7896581/7896581353504.webp
7896581353641,LING.PIF PAF TP CALABRESA 500GR,Pif Paf,500 g,industria,"Pif Paf, portal PackShelf para clientes",Rede Valente,imagens/7896581/7896581353641.webp
7896581353658,LING.PIF PAF TP CALABRESA FINA 240G,Pif Paf,240 g,industria,"Pif Paf, portal PackShelf para clientes",Rede Valente,imagens/7896581/7896581353658.webp
7896581353672,SALSICHA HOT DOG PIF PAF 500GR,Pif Paf,500 g,industria,"Pif Paf, portal PackShelf para clientes",Rede Valente,imagens/7896581/7896581353672.webp
7896581353849,PRESUNTO PIF PAF FATIADO 180GR,Pif Paf,180 g,industria,"Pif Paf, portal PackShelf para clientes",Rede Valente,imagens/7896581/7896581353849.webp
7896581354105,FILE DE PEITO PIF PAF IQF 1KG,Pif Paf,1 kg,industria,"Pif Paf, portal PackShelf para clientes",Rede Valente,imagens/7896581/7896581354105.webp
7896581354112,COXINHA ASA PIF PAF IQF 700G S.TEMP,Pif Paf,700 g,industria,"Pif Paf, portal PackShelf para clientes",Rede Valente,imagens/7896581/7896581354112.webp
7896581354150,COXA DE FRANGO PIF PAF IQF 1KG,Pif Paf,1 kg,industria,"Pif Paf, portal PackShelf para clientes",Rede Valente,imagens/7896581/7896581354150.webp
7896581354457,ANEIS DE CEBOLA PIF PAF 400GR,Pif Paf,400 g,industria,"Pif Paf, portal PackShelf para clientes",Rede Valente,imagens/7896581/7896581354457.webp
7896581354907,LING.PIF PAF MINEIRA PORCO 800G PIM,Pif Paf,800 g,industria,"Pif Paf, portal PackShelf para clientes",Rede Valente,imagens/7896581/7896581354907.webp
7896581354945,FILE DE PEITO PIF PAF SC 400GR DESF,Pif Paf,400 g,industria,"Pif Paf, portal PackShelf para clientes",Rede Valente,imagens/7896581/7896581354945.webp
7896581355225,SALSICHAO PIF PAF 600GR,Pif Paf,600 g,industria,"Pif Paf, portal PackShelf para clientes",Rede Valente,imagens/7896581/7896581355225.webp
7896581355256,CARNE SUINA-PONTA DE COST.FLIP 1KG,,1 kg,industria,"Pif Paf, portal PackShelf para clientes",Rede Valente,imagens/7896581/7896581355256.webp
7896581355560,DADINHO TAPIOCA PIF PAF SC 300G C.Q,Pif Paf,300 g,industria,"Pif Paf, portal PackShelf para clientes",Rede Valente,imagens/7896581/7896581355560.webp
7896581356277,FILEZINHO PEITO PIF PAF IQF 1KG,Pif Paf,1 kg,industria,"Pif Paf, portal PackShelf para clientes",Rede Valente,imagens/7896581/7896581356277.webp
7896581356284,COXINHA ASA PIF PAF IQF 1KG,Pif Paf,1 kg,industria,"Pif Paf, portal PackShelf para clientes",Rede Valente,imagens/7896581/7896581356284.webp
7896581356291,COXINHA ASA PIF PAF TEMP.IQF 1KG,Pif Paf,1 kg,industria,"Pif Paf, portal PackShelf para clientes",Rede Valente,imagens/7896581/7896581356291.webp
7896581356307,MEIO DA ASA TEMP.IQF PIF PAF 1KG,Pif Paf,1 kg,industria,"Pif Paf, portal PackShelf para clientes",Rede Valente,imagens/7896581/7896581356307.webp
7896581356314,FRANGO PASSARINHO PIF PAF PC 1KG TE,Pif Paf,1 kg,industria,"Pif Paf, portal PackShelf para clientes",Rede Valente,imagens/7896581/7896581356314.webp
7896581356321,LING.PIF PAF TOSCANA PC 1KG GRILL,Pif Paf,1 kg,industria,"Pif Paf, portal PackShelf para clientes",Rede Valente,imagens/7896581/7896581356321.webp
7896581356529,FILE COXA SOBRECOXA PIF PAF IQF 1KG,Pif Paf,1 kg,industria,"Pif Paf, portal PackShelf para clientes",Rede Valente,imagens/7896581/7896581356529.webp
7896581356642,BATATA CONG.PIF PAF 1.050KG PALITO,Pif Paf,"1,050 kg",industria,"Pif Paf, portal PackShelf para clientes",Rede Valente,imagens/7896581/7896581356642.webp
7896581357540,COXINHA PIF PAF 300GR FRANGO.C.REQ.,Pif Paf,300 g,industria,"Pif Paf, portal PackShelf para clientes",Rede Valente,imagens/7896581/7896581357540.webp
7896581357588,COXINHA PIF PAF 300GR FRANGO,Pif Paf,300 g,industria,"Pif Paf, portal PackShelf para clientes",Rede Valente,imagens/7896581/7896581357588.webp
7896581357786,HAMBURGUER PIF PAF SC 56GR MISTO,Pif Paf,56 g,industria,"Pif Paf, portal PackShelf para clientes",Rede Valente,imagens/7896581/7896581357786.webp
7896581357793,PAO DE QUEIJO PIF PAF 1KG TRAD.,Pif Paf,1 kg,industria,"Pif Paf, portal PackShelf para clientes",Rede Valente,imagens/7896581/7896581357793.webp
7896581357984,PAO DE ALHO PIF PAF 300GR TRAD.C.QU,Pif Paf,300 g,industria,"Pif Paf, portal PackShelf para clientes",Rede Valente,imagens/7896581/7896581357984.webp
7896581358080,FRANGO PASSARINHO PIF PAF PC 700GR,Pif Paf,700 g,industria,"Pif Paf, portal PackShelf para clientes",Rede Valente,imagens/7896581/7896581358080.webp
7896581358509,EMPANADO PIF PAF 1KG PAFITOS,Pif Paf,1 kg,industria,"Pif Paf, portal PackShelf para clientes",Rede Valente,imagens/7896581/7896581358509.webp
7896581358523,TIRINHA PIF PAF EMPANADAS 1KG,Pif Paf,1 kg,industria,"Pif Paf, portal PackShelf para clientes",Rede Valente,imagens/7896581/7896581358523.webp
7896581358660,MORTADELA PIF PAF 400GR FRANGO,Pif Paf,400 g,industria,"Pif Paf, portal PackShelf para clientes",Rede Valente,imagens/7896581/7896581358660.webp
7896581359001,FILE DE PEITO PIF PAF IQF 700G BIFE,Pif Paf,700 g,industria,"Pif Paf, portal PackShelf para clientes",Rede Valente,imagens/7896581/7896581359001.webp
7896581359162,PAO DE ALHO PIF PAF 300GR PICANTE,Pif Paf,300 g,industria,"Pif Paf, portal PackShelf para clientes",Rede Valente,imagens/7896581/7896581359162.webp
7896581359179,TIRINHA FLIP FRANGO 1.5KG,,"1,5 kg",industria,"Pif Paf, portal PackShelf para clientes",Rede Valente,imagens/7896581/7896581359179.webp
7896581359254,COXINHA ASA PIF PAF IQF 700G TEMP,Pif Paf,700 g,industria,"Pif Paf, portal PackShelf para clientes",Rede Valente,imagens/7896581/7896581359254.webp
7896581359704,MEIO DA ASA TEMP.IQF PIF PAF 700G,Pif Paf,700 g,industria,"Pif Paf, portal PackShelf para clientes",Rede Valente,imagens/7896581/7896581359704.webp
7896581359728,ALIM.CAO U.MASTIGATE 100G AD.FRANGO,,100 g,industria,"Pif Paf, portal PackShelf para clientes",Rede Valente,imagens/7896581/7896581359728.webp
7896581359735,ALIM.CAO U.MASTIGATE 100G AD.CARNE,,100 g,industria,"Pif Paf, portal PackShelf para clientes",Rede Valente,imagens/7896581/7896581359735.webp
7896581359902,PEIXE DESF.SAITHE SC 300GR POLACA,,300 g,industria,"Pif Paf, portal PackShelf para clientes",Rede Valente,imagens/7896581/7896581359902.webp
7897177401258,SALAME PIF PAF ITALIANO ART.FAT.90G,Pif Paf,90 g,industria,"Pif Paf, portal PackShelf para clientes",Rede Valente,imagens/7897177/7897177401258.webp
7897177454032,BACON DEFUMADO PIF PAF 200GR CUBOS,Pif Paf,200 g,industria,"Pif Paf, portal PackShelf para clientes",Rede Valente,imagens/7897177/7897177454032.webp
7897398200302,CLORO GEL MAGICO MAYOR 2LT,,2 L,a confirmar,,Rede Valente,imagens/7897398/7897398200302.webp
7897398200821,LIMP.MAYOR CLEAN 2LT LIMPEZA PROFU.,,2 L,a confirmar,,Rede Valente,imagens/7897398/7897398200821.webp
7897398200869,DESINF.MAYOR FLORAL 1LT TALCO,,1 L,a confirmar,,Rede Valente,imagens/7897398/7897398200869.webp
7897398200890,DESINF.MAYOR 1LT PINHO,,1 L,a confirmar,,Rede Valente,imagens/7897398/7897398200890.webp
7897398201248,LIMP.LIMPE MAIS MAYOR 2LT PET FLOR.,,2 L,a confirmar,,Rede Valente,imagens/7897398/7897398201248.webp
7897540700001,MAC.BARBALHO SEMOLA 500GR ESPAG.N8,,500 g,a confirmar,,Rede Valente,imagens/7897540/7897540700001.webp
7897540700049,FEIJAO PRETO BARBALHO SC 1KG,,1 kg,a confirmar,,Rede Valente,imagens/7897540/7897540700049.webp
7897540700070,FEIJAO CARIOCA GOVAL SC 1KG,,1 kg,a confirmar,,Rede Valente,imagens/7897540/7897540700070.webp
7897540700186,FEIJAO VERMELHO BARBALHO SC 1KG,,1 kg,a confirmar,,Rede Valente,imagens/7897540/7897540700186.webp
7897540700193,MAC.BARBALHO C.OVOS 500GR ESPAG.N8,,500 g,a confirmar,,Rede Valente,imagens/7897540/7897540700193.webp
7897540700209,MAC.BARBALHO C.OVOS 500GR PAD.NOSSO,,500 g,a confirmar,,Rede Valente,imagens/7897540/7897540700209.webp
7897540700216,MAC.BARBALHO C.OVOS 500GR PARAFUSO,,500 g,a confirmar,,Rede Valente,imagens/7897540/7897540700216.webp
7897540700223,ARROZ BARBALHO TP1 5KG,,5 kg,a confirmar,,Rede Valente,imagens/7897540/7897540700223.webp
7897540700513,FARINHA MAND.BARBALHO PC 1KG BR,,1 kg,a confirmar,,Rede Valente,imagens/7897540/7897540700513.webp
7898215151760,LEITE L.V.PIRAC.1LT SEMI DESNATADO/DESNATADO,,1 L,a confirmar,,Rede Valente,imagens/7898215/7898215151760.webp
7898215152002,LEITE COND.PIRAC.TP 395GR,,395 g,a confirmar,,Rede Valente,imagens/7898215/7898215152002.webp
7898247780297,OLEO SOJA VITALIV PET 900ML,,900 ml,a confirmar,,Rede Valente,imagens/7898247/7898247780297.webp
7898938706353,MEIO DA ASA UNIAVES BJ 1KG,,1 kg,industria,"Pif Paf, portal PackShelf para clientes",Rede Valente,imagens/7898938/7898938706353.webp
7898938706377,FILEZINHO PEITO UNIAVES SASSA.BD 1K,,,industria,"Pif Paf, portal PackShelf para clientes",Rede Valente,imagens/7898938/7898938706377.webp
7898938706599,CORACAO FRANGO UNIAVES PC 700G TEMP,,700 g,industria,"Pif Paf, portal PackShelf para clientes",Rede Valente,imagens/7898938/7898938706599.webp
7898938706698,COXINHA ASA UNIAVES PC 700GR TEMP.,,700 g,industria,"Pif Paf, portal PackShelf para clientes",Rede Valente,imagens/7898938/7898938706698.webp
7898938706711,MEIO DA ASA UNIAVES SC 700GR TEMP.,,700 g,industria,"Pif Paf, portal PackShelf para clientes",Rede Valente,imagens/7898938/7898938706711.webp
7898938706834,MOELA DE FRANGO UNIAVES BJ 1KG,,1 kg,industria,"Pif Paf, portal PackShelf para clientes",Rede Valente,imagens/7898938/7898938706834.webp
7898938706926,FILE DE PEITO UNIAVES BJ 1KG,,1 kg,industria,"Pif Paf, portal PackShelf para clientes",Rede Valente,imagens/7898938/7898938706926.webp
7898938707411,CORACAO FRANGO UNIAVES PC 700G T.CH,,700 g,industria,"Pif Paf, portal PackShelf para clientes",Rede Valente,imagens/7898938/7898938707411.webp
